Classification,ID,Instances
Flare,1611101400424116462,316.0
HPM,1611091630244128695,116.0
HPM,1611071120084120846,305.0
Other,1611021070314137583,167.0
HPM,1610291630224109495,141.0
HPM,1610241600204126524,188.0
HPM,1610231570224126275,221.0
Flare,1610211260104103466,283.0
SN,1610131150114102277,177.0
SN,1610111070074115832,325.0
Blazar,1610071320374137623,437.0
SN,1610011180064110646,142.0
CV,1609251400984119582,148.0
Flare,1609251231144129676,337.0
SN,1609221041244110267,266.0
Flare,1609221010114117243,299.0
HPM,1609101690374137222,100.0
Other,1609100091264119252,207.0
CV,1609061180834144443,388.0
SN,1609030071214116517,340.0
SN,1609020010114127735,291.0
SN,1608311070894114808,320.0
SN,1608291180064102809,364.0
CV,1607101600454143507,117.0
AGN,1607101350754138969,116.0
Blazar,1607091210014124380,272.0
CV,1607051090894117774,102.0
Flare,1607041211134127847,360.0
Flare,1607041071204134191,265.0
Blazar,1606161090634117514,371.0
Flare,1606160041224106591,128.0
Flare,1606160041184142245,379.0
CV,1606141460534112713,138.0
CV,1606141430534127913,221.0
AGN,1606131550474124364,107.0
Flare,1606081010804105155,261.0
AGN,1606071230774110988,155.0
Flare,1606061120624122054,191.0
CV,1606031380684117420,173.0
AGN,1605301490444110548,155.0
SN,1605281010644131002,283.0
CV,1605280120874164002,108.0
Flare,1605251490574133437,176.0
HPM,1605161490534127874,173.0
HPM,1605141230764138402,100.0
AGN,1605141180724109433,180.0
SN,1605081070454144230,324.0
CV,1605050010854156077,254.0
Flare,1605031460374110588,253.0
Flare,1605031230594104988,195.0
CV,1605030070894187198,245.0
SN,1604271210704117810,282.0
Flare,1604151230814108369,367.0
Flare,1604151230724114153,270.0
CV,1604140120834153479,164.0
CV,1604061320844170620,130.0
AGN,1604031460534124173,108.0
AGN,1604021350614118034,178.0
SN,1603271180634114884,362.0
CV,1603171180824123493,378.0
AGN,1603151090484137970,152.0
SN,1603141150754129427,210.0
AGN,1603140040614113414,250.0
SN,1603131120614106104,104.0
AGN,1603121290524117032,198.0
SN,1603071260674122066,327.0
SN,1603070040684126687,229.0
Blazar,1603031350664116271,149.0
SN,1603021180774128931,118.0
AGN,1603021150794107140,158.0
SN,1603021070274145695,279.0
HPM,1602271600254113139,151.0
AGN,1602271320384111174,210.0
SN,1602271260554117464,121.0
Flare,1602271120454112778,318.0
CV,1602261380334117968,492.0
AGN,1602150040614118878,275.0
AGN,1602101380374108184,139.0
Flare,1602081400644119204,238.0
Blazar,1602081380464137568,217.0
SN,1602071290654125053,203.0
SN,1602071010694101813,102.0
SN,1602051290494134565,241.0
SN,1602041090724138309,288.0
Flare,1601311460284115377,372.0
AGN,1601311150634130122,214.0
Flare,1601301320504111899,198.0
AGN,1601281400444102455,329.0
CV,1601211180424141819,486.0
AGN,1601171490444219024,164.0
Blazar,1601141520324115434,142.0
Blazar,1601121290524101185,372.0
Flare,1512161181174138560,359.0
AGN,1512161180254136858,246.0
SN,1512091151214142650,362.0
CV,1512081320174144890,350.0
Flare,1512081320104112890,107.0
Flare,1512061120464134253,191.0
CV,1512060070464171296,139.0
HPM,1512021520374108315,187.0
AGN,1512021460374112390,264.0
CV,1512011120274154794,403.0
CV,1511301290014130643,172.0
SN,1511301260224152188,273.0
CV,1511201320364108282,456.0
AGN,1511190090264135161,224.0
Flare,1511181120024103505,226.0
Flare,1511181010534127137,295.0
Flare,1511141320394124088,499.0
AGN,1511141010114127759,286.0
Flare,1511140010094131284,118.0
Flare,1511121090044121320,249.0
AGN,1511101520324127922,111.0
CV,1511101460694162679,133.0
SN,1511091070554135380,396.0
Flare,1511081600284115570,140.0
AGN,1511081570324114520,111.0
Blazar,1511081150254112077,171.0
CV,1511080070094101285,229.0
CV,1511061520254101604,105.0
Other,1511061350204155762,226.0
HPM,1511031600254127101,154.0
Blazar,1511031550244117096,182.0
Blazar,1511020070074126189,161.0
SN,1510311120124112847,302.0
CV,1510231320064127935,185.0
SN,1510161150164123038,345.0
Other,1510121400034160762,116.0
Flare,1510091151184109040,358.0
AGN,1510090090084228144,119.0
AGN,1510090040084109400,178.0
CV,1510031071144131261,141.0
CV,1509251350694128317,210.0
HPM,1509181180174134302,110.0
AGN,1509181070024115810,145.0
SN,1509131070124107077,199.0
CV,1508221211184147541,187.0
CV,1507080091104135961,188.0
AGN,1506291321054121889,186.0
SN,1506231290804130128,100.0
CV,1506191041214138198,348.0
SN,1506151290624128920,162.0
CV,1506061380734150294,140.0
Flare,1505241120834142545,128.0
SN,1505211380684110206,283.0
AGN,1505201070594102990,336.0
CV,1505201041144118399,349.0
AGN,1505121350644125481,248.0
CV,1505121260874153480,136.0
Flare,1505121180464109343,468.0
HPM,1505111320544122430,320.0
SN,1505101120564109481,104.0
HPM,1505071180764136452,105.0
Flare,1505011120834122816,389.0
HPM,1504301520404124884,170.0
AGN,1504241150604117893,132.0
CV,1504161180434114469,171.0
Flare,1504161150534121066,383.0
AGN,1504151380734147915,277.0
AGN,1504151350404127704,297.0
Blazar,1504101400574114565,129.0
AGN,1504011150754113788,333.0
Other,1503291260234109459,364.0
SN,1503291090674127867,282.0
AGN,1503281290714118388,163.0
Flare,1503271010804119874,189.0
AGN,1503261520544137087,127.0
AGN,1503250120724117438,146.0
SN,1503241380554114188,212.0
AGN,1503241230794109900,158.0
SN,1503221320564118022,106.0
SN,1503211010754116328,236.0
Other,1503161230274181022,103.0
Other,1503161180234136965,182.0
AGN,1503131150694104786,233.0
SN,1503130040754113282,250.0
CV,1503111210134119243,253.0
AGN,1503111070494137198,264.0
SN,1502271350474110786,366.0
Blazar,1502270150764128145,148.0
CV,1502260010534127629,146.0
Flare,1502251150564130121,383.0
SN,1502221180434114096,116.0
Flare,1502201150294133973,162.0
Blazar,1502141230734143607,241.0
HPM,1502121630264101436,109.0
Other,1502120010314116638,132.0
CV,1502101260114122698,322.0
Blazar,1502081400484121702,564.0
CV,1502081290374141264,184.0
AGN,1502081210164117530,362.0
CV,1502071490284143743,248.0
SN,1501281180794101811,208.0
Flare,1501241350174146999,291.0
SN,1501241180614140311,370.0
SN,1501241090754108157,335.0
Flare,1501231570254138714,157.0
AGN,1501231010774118119,118.0
SN,1501201380484131886,266.0
SN,1501200150294101341,160.0
HPM,1501191350364120603,100.0
HPM,1501181520434104073,151.0
SN,1501181350604111330,279.0
Blazar,1501181320604119409,315.0
Flare,1501180090214122954,270.0
Other,1412301211134147029,362.0
Blazar,1412301120594110654,361.0
AGN,1412301010694113096,325.0
AGN,1412281260444108054,231.0
SN,1412270090724102435,123.0
SN,1412241120104139934,133.0
Flare,1412241090634108769,380.0
Blazar,1412231010584107248,181.0
Blazar,1412230040664120721,228.0
AGN,1412151400324112534,433.0
SN,1411301350394111255,126.0
AGN,1411291380464115470,256.0
AGN,1411251150194108707,400.0
AGN,1411241400454118491,297.0
AGN,1411241350134109175,221.0
Flare,1411241150454102720,284.0
Flare,1411241070504108564,185.0
AGN,1411240041264114071,298.0
SN,1411231520314123930,221.0
AGN,1411201090614109024,358.0
HPM,1411201070614108345,100.0
Other,1411201010314119347,124.0
Other,1411200070304110092,111.0
HPM,1411200040324146816,101.0
SN,1411181490344143272,233.0
AGN,1411180150104107054,171.0
CV,1411171260164123577,378.0
SN,1411041090204104071,167.0
Other,1410301120434103505,384.0
Other,1410251400964135458,133.0
CV,1410241320234117615,108.0
Other,1410241090554128775,112.0
Flare,1410221260164120719,378.0
SN,1410210040174101556,248.0
Other,1410181211094157719,133.0
CV,1410181120084103311,155.0
Flare,1410151210244136890,282.0
CV,1410141180184121565,183.0
SN,1410050070134116305,133.0
CV,1410050040144108922,293.0
Flare,1410011070104121118,313.0
Other,1409301150184108915,397.0
AGN,1409251070074113529,282.0
Flare,1409201321054133927,285.0
SN,1409151181164134104,134.0
SN,1409141260394124755,412.0
AGN,1409140071154101822,312.0
CV,1409061381014103015,212.0
SN,1409061260034240176,256.0
Flare,1409031181214117173,113.0
CV,1409031180254116915,129.0
AGN,1409011210164107559,340.0
Blazar,1408311210014119351,255.0
AGN,1408310041264114189,100.0
SN,1408310011164108034,345.0
SN,1408310011104136414,147.0
SN,1406281290794116040,374.0
Flare,1406281150734103537,315.0
Flare,1406281120744111607,190.0
Blazar,1406240070714132883,215.0
CV,1406230090904110257,101.0
Flare,1406181490614147095,225.0
Flare,1406171120834114874,164.0
Flare,1406091400764165859,119.0
SN,1406061320624120923,281.0
AGN,1406061290664101908,276.0
SN,1406061260654106893,287.0
SN,1406031380704102315,218.0
SN,1405301120844133371,280.0
AGN,1405301010634116353,338.0
HPM,1405261260424118499,131.0
Blazar,1405191320754141571,314.0
AGN,1405181150504122960,392.0
Blazar,1405101400394121334,257.0
AGN,1405051380594130740,116.0
CV,1405051260494137258,142.0
SN,1405051260484110584,132.0
AGN,1405031380734126226,369.0
Other,1405031210674112931,199.0
SN,1404301350644109127,271.0
CV,1404300040704102016,288.0
AGN,1404281600324121207,104.0
Flare,1404251490534111884,173.0
SN,1404251460614126059,205.0
Blazar,1404251320614122898,250.0
AGN,1404251230664105361,104.0
AGN,1404231180774109380,129.0
AGN,1404221070774101435,100.0
SN,1404211040774107611,110.0
AGN,1404081010764113169,292.0
AGN,1404051260544121026,150.0
Flare,1404021570514118119,174.0
SN,1404021520474126445,122.0
AGN,1404021430674141504,248.0
AGN,1404011460544121376,159.0
AGN,1403301070704102183,239.0
SN,1403281290754120299,211.0
SN,1403281180544116217,151.0
AGN,1403261320584110566,154.0
AGN,1403251320514119833,118.0
AGN,1403251320494118637,263.0
SN,1403250120624130314,198.0
AGN,1403230090774112559,208.0
AGN,1403230070774114008,268.0
SN,1403201070624106775,146.0
AGN,1403121040674113258,230.0
CV,1403101460254114460,100.0
Blazar,1403091350554118078,152.0
CV,1403090150554111012,155.0
AGN,1403071120664115513,145.0
CV,1403041090444115966,196.0
SN,1402221260694101890,294.0
CV,1402181150484139804,417.0
AGN,1402111460444111823,205.0
AGN,1402110040744115179,274.0
Flare,1402091120094104587,271.0
AGN,1401291400454124767,179.0
SN,1401231350504132269,124.0
Other,1401211290244171563,203.0
HPM,1401101520324141393,240.0
AGN,1401101430404116869,160.0
Blazar,1401070011234112940,346.0
AGN,1401031490484121978,153.0
AGN,1401011260624123136,200.0
CV,1401011150654104472,357.0
AGN,1401011090654141413,385.0
AGN,1312311010594112568,144.0
AGN,1312310210194108321,121.0
AGN,1312310070604113418,194.0
AGN,1312281120614137047,237.0
AGN,1312261260054126854,191.0
Flare,1312251150554112896,434.0
HPM,1312241520324140084,147.0
AGN,1312241460334126377,224.0
AGN,1312241350384110624,401.0
Flare,1312241260414106473,326.0
CV,1312231490234178647,197.0
Other,1312231090294105831,265.0
CV,1312141121244117885,375.0
AGN,1312111070574109654,101.0
HPM,1312041230164232583,155.0
Flare,1312021180214101950,365.0
AGN,1311261180164118625,191.0
AGN,1311261040084101817,110.0
SN,1311121010614107962,193.0
CV,1311111430054111140,125.0
SN,1311101380344149031,174.0
Flare,1311101150064106486,259.0
SN,1311100210144121990,117.0
Other,1311100150094106837,183.0
AGN,1311081260154102489,217.0
CV,1311081150044101824,148.0
CV,1311061180184119159,384.0
CV,1311061010294118517,328.0
CV,1311021290414104571,132.0
AGN,1311021260434104182,170.0
AGN,1310301290104120647,263.0
AGN,1310301180144107762,155.0
AGN,1310261040144104091,140.0
SN,1310261010114127520,290.0
AGN,1310260010144106354,197.0
SN,1310250070034110542,100.0
SN,1310250040014131234,185.0
Flare,1310221260034120370,322.0
CV,1310141400044134796,211.0
SN,1310091091244132305,373.0
AGN,1310071070184110974,104.0
Other,1310070040284141639,141.0
AGN,1310030150174109582,124.0
SN,1310021400344113215,288.0
AGN,1309281181134139665,344.0
AGN,1309281150204108337,397.0
Blazar,1309281121184118018,302.0
AGN,1309261570524136874,151.0
Blazar,1309171070164130218,300.0
AGN,1309170070904150815,146.0
CV,1309161261124106682,171.0
CV,1309161230834137353,414.0
CV,1309141091134108958,357.0
Flare,1309120090054121750,171.0
CV,1309061490254137729,251.0
Blazar,1309060040054111996,254.0
SN,1309050070084111234,224.0
AGN,1309050040124139902,124.0
AGN,1309041230134116994,204.0
SN,1309021260784140174,105.0
AGN,1309021090034133655,151.0
AGN,1309021070074116316,150.0
CV,1308280181154102522,172.0
CV,1308280011124107474,327.0
AGN,1306271260024129130,308.0
SN,1306211120664110566,368.0
Other,1306211011244127438,191.0
Blazar,1306210011254120647,161.0
Other,1306201260664112997,311.0
AGN,1306201260644112940,291.0
Flare,1306161290784123559,358.0
Flare,1306140090664120159,246.0
SN,1306121180694108085,291.0
Blazar,1306111120664110776,359.0
AGN,1306101400644123218,106.0
SN,1306091630454118826,113.0
Flare,1306091460484117878,148.0
SN,1306081320774122613,379.0
Flare,1306071320794125262,359.0
AGN,1306061290594125461,184.0
AGN,1306060070714107287,152.0
AGN,1306060070714103061,256.0
SN,1306051290614132849,155.0
CV,1306051261134144211,103.0
SN,1306051261094129061,112.0
CV,1306041151144145470,341.0
SN,1306011150654134552,252.0
AGN,1306011120674133862,347.0
Flare,1305311070624107111,224.0
Flare,1305300090864133673,213.0
Other,1305291660424137446,100.0
HPM,1305291600484123094,153.0
SN,1305211460624138558,134.0
Blazar,1305211380674115604,240.0
Blazar,1305201350774155625,118.0
Flare,1305171490344119052,256.0
SN,1305161040664114824,123.0
AGN,1305151070554117646,162.0
CV,1305141070524109313,121.0
SN,1305131180844143958,127.0
Flare,1305121210884131694,224.0
Other,1305121090884136789,308.0
Other,1305121070704140019,172.0
AGN,1305121010734109070,223.0
AGN,1305110010834146582,118.0
Blazar,1305091120664119543,319.0
AGN,1305051400544106365,213.0
Blazar,1305051350574113768,282.0
AGN,1305031150754125877,265.0
SN,1305031150684122609,185.0
CV,1305031120794103182,282.0
SN,1305021320554137855,269.0
AGN,1305021290534103755,169.0
SN,1305021290504134160,173.0
AGN,1305021260504113324,167.0
Blazar,1305011230484123632,168.0
Blazar,1305011070564124203,286.0
Flare,1304301150494130354,233.0
Other,1304301090774115713,114.0
AGN,1304211180894173578,107.0
SN,1304211180774111949,341.0
AGN,1304191210804140558,141.0
AGN,1304190040724142741,119.0
CV,1304181400734166981,265.0
CV,1304161550544133046,202.0
AGN,1304151460584103642,158.0
HPM,1304151460544143236,176.0
AGN,1304151460494122412,175.0
SN,1304151430534106204,105.0
SN,1304151430524125462,208.0
AGN,1304151070464118026,168.0
SN,1304140040614129121,272.0
Flare,1304121230614134803,314.0
Flare,1304111230414140313,524.0
AGN,1304101090824105434,316.0
AGN,1304081290754138475,356.0
AGN,1304061290694140971,192.0
AGN,1304061150634123862,132.0
AGN,1304061090654140277,144.0
HPM,1304041290654130369,124.0
AGN,1304041290604129569,174.0
Flare,1304031120774114435,368.0
HPM,1303311570484131030,136.0
Blazar,1303311550494131001,132.0
HPM,1303241660214135267,114.0
AGN,1303241120234114292,357.0
HPM,1303201090684101235,154.0
Flare,1303181090924175989,229.0
CV,1303171090424146629,123.0
AGN,1303161120714122052,123.0
Blazar,1303151210504145839,449.0
SN,1303150040714122967,101.0
AGN,1303141350494127887,242.0
Flare,1303141290134114251,348.0
AGN,1303141090674107279,139.0
AGN,1303140180684107993,135.0
AGN,1303140010834117600,185.0
HPM,1303071520304144859,234.0
Blazar,1303071150824115553,285.0
AGN,1303071120774113499,188.0
AGN,1303071120764123699,271.0
SN,1303071040744105050,190.0
HPM,1303051230684111017,115.0
AGN,1303031120634108415,235.0
Flare,1303030010484158805,299.0
Blazar,1303021380594134765,171.0
Blazar,1303021230624130836,334.0
Flare,1303011350574103320,300.0
Flare,1303011320534129196,250.0
AGN,1303011290544123165,358.0
AGN,1302231400514120418,253.0
Flare,1302181430344101379,323.0
CV,1302181400354146917,253.0
Blazar,1302171230424139186,494.0
AGN,1302161040654110952,198.0
Other,1302141290364160994,327.0
AGN,1302141230494130831,170.0
Flare,1302141210474143476,188.0
AGN,1302141150504102321,307.0
AGN,1302141150484143170,197.0
AGN,1302141010654143860,106.0
AGN,1302140040644124305,123.0
AGN,1302111320504113079,115.0
Blazar,1302110040604104918,324.0
CV,1302071350324174129,185.0
AGN,1302071180594109478,384.0
Blazar,1302061180174118628,327.0
Other,1302061040444139121,247.0
AGN,1302051090544104678,219.0
SN,1301311430304145952,127.0
AGN,1301200040614105139,257.0
SN,1301200010614127750,309.0
AGN,1301191180604110642,170.0
AGN,1301171290494101134,336.0
AGN,1301171260514105921,357.0
SN,1301161230184124892,330.0
AGN,1301161120464102418,243.0
Blazar,1301151460334132242,140.0
SN,1301151460314123896,121.0
AGN,1301151090124141829,147.0
Blazar,1301141600214150936,147.0
Flare,1301141010054127807,278.0
SN,1301131040554137759,296.0
Flare,1301131010554139998,336.0
SN,1301120070554118370,107.0
Blazar,1301120070524109667,241.0
AGN,1301101460464125754,168.0
AGN,1301091120664116217,254.0
AGN,1301091070734127647,137.0
CV,1301080070724103395,232.0
Flare,1301070040264138462,205.0
AGN,1301061230534111716,268.0
SN,1301051260644124613,180.0
SN,1301051230574132403,187.0
Other,1301031490264148655,339.0
HPM,1301031350364121228,151.0
AGN,1212201070564109636,141.0
SN,1212121380464142104,345.0
Blazar,1212121070084233940,138.0
SN,1212121040124143985,314.0
SN,1212111040224118793,131.0
CV,1212101350424137225,295.0
Blazar,1212101350334155040,220.0
HPM,1212101070614108872,143.0
SN,1212091350184194219,188.0
CV,1212091320214200033,277.0
AGN,1212091210554119667,314.0
Blazar,1212081180274143485,116.0
AGN,1212081150704122264,176.0
AGN,1212081120714110802,331.0
Blazar,1212080010604101425,246.0
Other,1212041010314105958,233.0
SN,1212040120274106666,201.0
Other,1212040090324112508,137.0
Flare,1212031040274125613,325.0
CV,1212031040224128186,353.0
CV,1211250040254118613,248.0
HPM,1211241430354131229,291.0
CV,1211201260144138885,268.0
CV,1211201210114118379,312.0
CV,1211151380114123352,271.0
SN,1211141090484136131,404.0
AGN,1211140230104117851,103.0
Flare,1211131320034233281,300.0
Flare,1211131180104107175,250.0
SN,1211121350134141376,212.0
CV,1211121320074127003,334.0
AGN,1211121260104125682,225.0
SN,1211121150034142136,312.0
Blazar,1211041040244133578,288.0
SN,1210270040254109015,237.0
Flare,1210230210184130483,117.0
Blazar,1210211070014111403,309.0
AGN,1210191210034106470,162.0
Other,1210161350174146514,285.0
AGN,1210161150114109011,290.0
AGN,1210150150074131189,177.0
CV,1210141071214123192,344.0
HPM,1210141070524139098,208.0
AGN,1210141040144113641,329.0
Blazar,1210131570224128099,206.0
SN,1210111380724113233,307.0
Other,1210111350204155747,119.0
CV,1210101550574139561,140.0
CV,1210100230084125630,115.0
AGN,1210081320094121285,333.0
Other,1210081290084139283,152.0
Flare,1210081290084113755,313.0
HPM,1210081290064104773,110.0
CV,1210061380014126444,269.0
SN,1210061091254108515,196.0
HPM,1210061040054136923,140.0
SN,1210061010114123149,270.0
CV,1210051211094121504,114.0
CV,1210041071154132318,399.0
CV,1210040041124149411,385.0
SN,1209260090224105038,241.0
SN,1209251120034120839,147.0
CV,1209231181154135712,377.0
Flare,1209211520514132992,141.0
AGN,1209190121244126312,221.0
AGN,1209190090144112412,246.0
HPM,1209180040164133578,117.0
AGN,1209180010154103293,294.0
Blazar,1209171320804150109,332.0
Blazar,1209171260074119171,300.0
AGN,1209171181184108688,347.0
HPM,1209171151174127289,349.0
AGN,1209150040094134613,104.0
Flare,1209141181134129658,375.0
SN,1209141071174108926,134.0
Other,1208280210014111715,128.0
AGN,1208251011234140766,289.0
SN,1208251011194110586,364.0
CV,1208130041114126118,294.0
SN,1207180121154125168,150.0
Other,1207180041144129687,132.0
SN,1207180041124185000,113.0
Blazar,1206221400674113478,242.0
Flare,1206221121184125294,372.0
CV,1206211520354130328,210.0
CV,1206201380794173913,119.0
SN,1206201040754130670,346.0
AGN,1206191290534127278,202.0
HPM,1206181230684113341,120.0
SN,1206181230574132946,129.0
Blazar,1206181070784131643,242.0
Other,1206181040794128810,337.0
Other,1206181011244111034,131.0
Other,1206171150914202091,184.0
CV,1206171090824101743,340.0
Blazar,1206161380664102006,162.0
SN,1206141570424120999,105.0
HPM,1206141460544140072,116.0
Other,1206141460524107521,138.0
CV,1206130011154131139,392.0
AGN,1206111550334141904,167.0
AGN,1206101150804138903,269.0
AGN,1206101150804131553,355.0
Flare,1206091490394141995,188.0
Other,1206081230834108521,409.0
CV,1206081210854103927,187.0
CV,1205301380764113640,241.0
Blazar,1205291490534127415,154.0
CV,1205270150814144994,108.0
Other,1205260180844119174,107.0
AGN,1205251260724133170,134.0
SN,1205251150794114147,295.0
Blazar,1205251090794110609,312.0
AGN,1205241210764128629,308.0
AGN,1205231210814118357,300.0
Blazar,1205221490314114861,265.0
Flare,1205211040644123308,249.0
AGN,1205171400674125150,283.0
SN,1205171400634128595,224.0
Flare,1205161380684113569,307.0
AGN,1205161290754103942,183.0
AGN,1205141090724110667,296.0
Blazar,1204300010664124998,296.0
AGN,1204281430424107070,223.0
HPM,1204271380374105813,213.0
Blazar,1204251210744104178,296.0
CV,1204241320794103277,258.0
HPM,1204221570314133370,123.0
Flare,1204221550344115741,186.0
CV,1204211010694130827,190.0
HPM,1204191260584120421,100.0
SN,1204191210774114860,133.0
SN,1204181210654142274,295.0
Flare,1204181090694129660,284.0
Flare,1204170210764114312,131.0
SN,1204161120574107039,109.0
CV,1204160090804156953,259.0
Blazar,1204111210464120236,517.0
Flare,1204111180464108242,457.0
HPM,1204011460534140759,160.0
HPM,1204011460504139961,188.0
HPM,1204011400464123825,102.0
SN,1204011400424136005,295.0
AGN,1204011290764127641,130.0
HPM,1204011230584135800,394.0
AGN,1203301090664128814,252.0
Other,1203300120834156131,219.0
CV,1203300070824160651,164.0
SN,1203300070554127127,293.0
AGN,1203291290604100838,179.0
AGN,1203281230634113206,259.0
SN,1203281180804139974,104.0
SN,1203281180644135630,347.0
AGN,1203281180634123135,285.0
SN,1203281070824134397,273.0
SN,1203270010604115428,322.0
AGN,1203251150614137172,379.0
SN,1203221400724152974,355.0
Blazar,1203221320614122224,295.0
AGN,1203221260624125868,152.0
AGN,1203221090694114710,201.0
Blazar,1203211150634107384,273.0
AGN,1203211040684103351,318.0
CV,1203171430534109123,230.0
HPM,1203171430524142064,105.0
AGN,1203160070784118493,192.0
CV,1203160070494138975,211.0
Flare,1203021040484122366,219.0
CV,1203011430364110176,293.0
CV,1203011400324135123,112.0
CV,1203010090874127108,112.0
CV,1203010040914152637,206.0
Blazar,1202291210684145534,324.0
CV,1202290070794150520,147.0
AGN,1202271090714128401,134.0
Flare,1202271090564148720,306.0
CV,1202261260634124245,322.0
AGN,1202251320404143265,339.0
AGN,1202251230594123343,361.0
Blazar,1202251210174133400,365.0
AGN,1202251090634107419,221.0
AGN,1202251070524127910,225.0
Other,1202251040804151905,355.0
Flare,1202251040774141275,355.0
HPM,1202251040734116583,127.0
AGN,1202251040524116814,232.0
CV,1202241520334122430,167.0
AGN,1202240010534114045,163.0
AGN,1202231380394131953,167.0
CV,1202221210484117870,263.0
AGN,1202220040624132417,214.0
AGN,1202191400454110288,269.0
Blazar,1202191380504109013,328.0
SN,1202191350514141588,297.0
SN,1202181210594123955,130.0
AGN,1202181070674127854,301.0
Blazar,1202121010054134906,277.0
CV,1202020040654134554,122.0
AGN,1201311230504128262,241.0
Flare,1201301180554121756,380.0
Flare,1201301180224121978,346.0
AGN,1201300070844140751,165.0
HPM,1201291490454131189,201.0
AGN,1201291430584111851,211.0
Blazar,1201291120484130165,358.0
HPM,1201291070524145310,212.0
Flare,1201271040284172041,347.0
Blazar,1201261350534144397,314.0
AGN,1201261230594143565,141.0
Other,1201251290084153337,111.0
Flare,1201251260114103174,331.0
AGN,1201251120674102201,123.0
AGN,1201231290534138174,219.0
Blazar,1201231180824106091,191.0
AGN,1201211040084125122,306.0
Blazar,1201191290494112719,216.0
AGN,1201191150534121730,217.0
AGN,1201181320014109239,147.0
AGN,1201181070194115579,114.0
AGN,1201181010574131090,126.0
Flare,1201141120454117896,313.0
AGN,1201131350584118676,320.0
SN,1201131260694106174,160.0
HPM,1201041460454138916,191.0
HPM,1201041430514116028,236.0
SN,1201041040034112466,152.0
CV,1201040090064129965,178.0
Blazar,1201030070034134767,288.0
AGN,1201021430344132418,285.0
Blazar,1201021011244127624,135.0
AGN,1201020010564145870,170.0
HPM,1201011660234106090,105.0
Blazar,1201011520384133265,136.0
AGN,1201011210784128966,326.0
CV,1201011180804126761,283.0
Blazar,1112311210524123781,243.0
AGN,1112311180504113322,115.0
SN,1112311070254117349,179.0
CV,1112310040214127410,334.0
Flare,1112310010184138365,300.0
Blazar,1112301380354137481,422.0
Flare,1112301090184104199,244.0
Blazar,1112291520334118638,170.0
SN,1112291460404116264,255.0
Blazar,1112291430434117574,155.0
CV,1112291400464106575,161.0
AGN,1112291380484132004,193.0
Other,1112291120524129371,458.0
AGN,1112291120514141825,266.0
CV,1112280090094129502,264.0
CV,1112271181144146614,360.0
SN,1112251150734136050,289.0
AGN,1112251090074105873,182.0
AGN,1112250011254116827,355.0
Flare,1112241180034118508,150.0
AGN,1112241150694114923,303.0
Blazar,1112161230394126529,381.0
AGN,1111301090274136153,253.0
Flare,1111300070314154439,182.0
SN,1111291231164135344,226.0
SN,1111281150614125119,332.0
AGN,1111281010144134599,305.0
AGN,1111271180094145781,146.0
Other,1111231290224144399,338.0
Blazar,1111221120534115711,380.0
CV,1111221040194145937,349.0
SN,1111191120034144818,220.0
Blazar,1111181180104130016,127.0
CV,1111181150284160207,234.0
Blazar,1111171350514136075,302.0
SN,1111170120064131084,215.0
CV,1111161070254130896,394.0
HPM,1111151180174127137,112.0
HPM,1111031520324144272,184.0
Flare,1111031400964117601,132.0
AGN,1111030010164113022,108.0
CV,1111011291114153567,333.0
SN,1110281380464122093,267.0
CV,1110271210414133893,184.0
Flare,1110241430314158229,406.0
HPM,1110241380714146036,169.0
CV,1110241071164105629,123.0
Other,1110231351004159200,124.0
CV,1110211321074152444,320.0
CV,1110211151144101343,105.0
CV,1110191350734141576,340.0
CV,1110190151224118079,126.0
SN,1110181430644248816,101.0
Other,1110181320174103285,248.0
Blazar,1110181290134107909,348.0
Other,1110180090124117413,253.0
Blazar,1110171090534127312,420.0
CV,1110061320094139400,334.0
AGN,1110061260014124074,278.0
CV,1110041231084160493,172.0
CV,1110031010314155163,231.0
HPM,1110010040154108586,128.0
AGN,1109301180114106824,248.0
Flare,1109291090214135845,361.0
Flare,1109260070234114098,309.0
Blazar,1109260040234128189,331.0
HPM,1109251210404110806,145.0
SN,1109241350074121359,234.0
AGN,1109240090114106079,188.0
Other,1109231260224137668,337.0
Other,1109230231114129617,116.0
Blazar,1109211120074116827,286.0
Flare,1109211070144138167,277.0
CV,1109201210794130197,356.0
HPM,1109191040054134919,125.0
CV,1109181041214127798,107.0
Flare,1109180071244109258,287.0
Blazar,1109180041254129754,332.0
Flare,1107031350754120112,340.0
SN,1107011120104119909,171.0
Blazar,1107011040034131568,184.0
CV,1107010211074141939,108.0
SN,1106241070834132854,354.0
CV,1106231150914161482,185.0
Blazar,1106210091084179317,142.0
CV,1106131350674124017,195.0
SN,1106121180634112775,253.0
SN,1106121120634119163,125.0
CV,1106111320694137973,293.0
CV,1106111070884131228,108.0
CV,1106101320834120295,165.0
CV,1106101290854138513,153.0
CV,1106091430394126567,308.0
SN,1106091210774115315,338.0
AGN,1106071400654101671,193.0
SN,1106060010764124342,174.0
Flare,1106051350744108815,247.0
SN,1106040070854120186,270.0
AGN,1106030090804118443,222.0
Other,1106030010924119967,192.0
Flare,1105261210664103986,344.0
AGN,1105241150644113130,209.0
AGN,1105241010704124644,322.0
CV,1105201010824136363,263.0
Blazar,1105141600304117225,201.0
Blazar,1105131490324110809,259.0
CV,1105130041134149159,441.0
Blazar,1105121350644129864,251.0
CV,1105121350404109472,180.0
AGN,1105081150804135655,293.0
Other,1105061520424116895,165.0
AGN,1105061460454102381,145.0
Blazar,1105031400494106710,322.0
AGN,1105031290524128495,190.0
Blazar,1105011520514108884,156.0
CV,1104301320434110403,163.0
Other,1104291400294112297,448.0
AGN,1104291230534105550,217.0
CV,1104271490494115473,160.0
Blazar,1104271460514137429,175.0
Other,1104271460514101819,127.0
HPM,1104271460494129915,100.0
Blazar,1104271430614143655,215.0
AGN,1104271400574107911,117.0
Blazar,1104261400684131134,251.0
AGN,1104261260724113314,115.0
CV,1104261120904156424,132.0
CV,1104141320374107841,289.0
SN,1104141070804123992,328.0
CV,1104131400294149908,231.0
HPM,1104121040734115429,123.0
AGN,1104081350674124994,257.0
AGN,1104081350624104202,122.0
AGN,1104081260664107222,135.0
SN,1104081230564126079,212.0
AGN,1104061230744115200,280.0
AGN,1104051180634123568,141.0
Other,1104051010784130380,359.0
AGN,1104051010744147055,260.0
CV,1104041230404151904,517.0
Flare,1104041180464131580,474.0
CV,1104041180404115397,114.0
Blazar,1104021550454132704,112.0
AGN,1104010150534111525,130.0
AGN,1104010010604125847,226.0
SN,1103301460484119712,145.0
AGN,1103301320594118165,147.0
AGN,1103301150814122387,222.0
AGN,1103300040624122348,269.0
Other,1103290090894121721,242.0
AGN,1103281350724109732,323.0
CV,1103281290384113038,242.0
Blazar,1103281260734125627,506.0
Flare,1103260070534102536,259.0
SN,1103250010614139940,142.0
AGN,1103240040654148326,108.0
CV,1103141320434111930,239.0
CV,1103121520434112450,144.0
AGN,1103111210754143894,236.0
AGN,1103111210754112475,199.0
AGN,1103111180774101327,205.0
Blazar,1103111070664105772,105.0
AGN,1103101350584115193,181.0
Blazar,1103090150704112168,177.0
SN,1103081210694128465,314.0
AGN,1103051320504137801,232.0
AGN,1103051290504110890,171.0
Blazar,1103051070734123798,345.0
AGN,1103021230624105270,205.0
AGN,1103021210544107799,205.0
AGN,1103021180544101250,213.0
AGN,1103021180524113561,394.0
CV,1103011210394137153,131.0
CV,1102261230574109109,392.0
CV,1102260150544125462,141.0
CV,1102260150524119509,164.0
CV,1102250070614142432,121.0
AGN,1102230010574103647,157.0
Other,1102121070724106436,349.0
Blazar,1102120070644118081,162.0
AGN,1102101180574123330,268.0
CV,1102081010474158290,352.0
Other,1102081010244125249,372.0
CV,1102050150634124006,166.0
AGN,1102050120654141302,223.0
CV,1102050090654144864,261.0
SN,1102041070174118422,228.0
SN,1101301430404147758,161.0
SN,1101281260554137473,151.0
Blazar,1101280010694114829,213.0
CV,1101251070494126453,137.0
CV,1101241180184124491,126.0
CV,1101241120454105248,166.0
SN,1101241090574129503,226.0
CV,1101161320054126530,113.0
CV,1101160070644123338,259.0
CV,1101151380034121388,274.0
CV,1101151181224113126,136.0
CV,1101140180254114459,156.0
CV,1101130040254141317,158.0
CV,1101111090594116852,380.0
AGN,1101081350454129655,221.0
CV,1012141180124125553,251.0
CV,1012140150224122033,175.0
AGN,1012131381014109204,105.0
SN,1012111350464134032,392.0
AGN,1012111230554117718,255.0
CV,1012101320084121519,346.0
CV,1012071380104223832,264.0
Flare,1012071350204145375,173.0
Flare,1012061010234104635,110.0
CV,1012041320074131511,286.0
CV,1012031380394141353,393.0
CV,1012031380384133667,338.0
SN,1012031010504122216,287.0
CV,1011301180544138966,231.0
HPM,1011281400464120991,101.0
CV,1011281090284102188,367.0
CV,1011271090094109951,157.0
CV,1011271040014129121,119.0
AGN,1011151230454106363,295.0
Other,1011151010314107453,225.0
Flare,1011141010084122106,282.0
SN,1011140010064126302,186.0
HPM,1011131320804153167,190.0
AGN,1011131071254112365,175.0
Blazar,1011130210074111848,134.0
AGN,1011130180224123656,134.0
SN,1011101350374137703,310.0
Flare,1011101120514117494,472.0
CV,1011081230504119481,454.0
Other,1011080090324123107,188.0
AGN,1011070070244114576,211.0
HPM,1011070010184229345,305.0
SN,1011051320024147567,221.0
Flare,1011030120264112859,231.0
SN,1011021460284108638,248.0
Blazar,1011021380734143685,242.0
Blazar,1011020151234115187,184.0
Blazar,1011020151234106150,167.0
Other,1010310070314111174,160.0
Blazar,1010301070074100959,162.0
CV,1010291290124145820,134.0
CV,1010291180264169858,271.0
Flare,1010291040204101820,345.0
Blazar,1010140210074119678,128.0
SN,1010130090154101363,230.0
AGN,1010130070244116923,265.0
SN,1010120211144113147,152.0
AGN,1010111040144109294,178.0
Blazar,1010111011204118970,346.0
AGN,1010110010084107400,119.0
HPM,1010101430054165221,130.0
Other,1010101400174141876,109.0
CV,1010101380134129854,224.0
CV,1010091290054106863,300.0
AGN,1010091210144103864,170.0
CV,1010081230074139999,160.0
Blazar,1010070120124133169,178.0
Blazar,1010030010154103863,176.0
SN,1009301150144112871,121.0
CV,1009161290084131880,320.0
SN,1009160150044112016,188.0
Blazar,1009151090134116882,200.0
Other,1009110041274116358,266.0
SN,1009101091244136375,102.0
CV,1007071210894180794,227.0
CV,1007071040904138258,310.0
SN,1007060090764128700,206.0
AGN,1007060070834117534,189.0
CV,1007051120874117074,358.0
AGN,1007051120804138886,139.0
AGN,1007041260754143937,166.0
Blazar,1007041231134130770,256.0
CV,1006241041184114393,385.0
Other,1006200121124103071,254.0
Flare,1006181091244116352,358.0
Blazar,1006151460624145312,178.0
CV,1006151091174130008,356.0
Flare,1006130181084128419,251.0
Blazar,1006111070024108613,248.0
CV,1006101261134132083,315.0
AGN,1006101210764122437,244.0
CV,1006091120874119140,357.0
AGN,1006051260794137291,204.0
Blazar,1006050040614118156,285.0
SN,1006041460464125448,192.0
Blazar,1006040091104115912,328.0
Blazar,1006021120924132981,118.0
Blazar,1006010090764153269,225.0
CV,1006010010864157554,328.0
Blazar,1005311180534119112,169.0
CV,1005311150714116242,348.0
SN,1005311010844137345,227.0
CV,1005240041134109468,439.0
CV,1005221320424122472,450.0
CV,1005221090464126949,205.0
Flare,1005220040824111377,234.0
Blazar,1005220040824107195,295.0
Blazar,1005211291074109408,224.0
CV,1005211231124153471,246.0
SN,1005211180714134371,322.0
CV,1005201211104177844,214.0
CV,1005201181164141253,346.0
Other,1005190070924141578,123.0
CV,1005190041194148620,327.0
AGN,1005171320634115687,163.0
Blazar,1005160010664133006,293.0
CV,1005131230814132089,429.0
SN,1005131040794117717,329.0
Blazar,1005121320394119966,408.0
CV,1005100040634116249,287.0
CV,1005081320414119007,295.0
CV,1005061090834125680,349.0
CV,1005051400624118443,228.0
Blazar,1005041181134116156,254.0
CV,1004191430464114479,272.0
AGN,1004150010694108608,327.0
CV,1004140210704122813,113.0
CV,1004140040514122049,161.0
AGN,1004131380744132697,344.0
CV,1004131350784173934,106.0
AGN,1004131230754130596,252.0
Blazar,1004131180704112066,166.0
CV,1004121380694101469,249.0
SN,1004111380424133800,178.0
SN,1004091040814104323,138.0
SN,1004091010844148312,243.0
SN,1004091010834148007,208.0
CV,1004080180844150528,107.0
CV,1004080070584127163,240.0
CV,1004071380344122080,276.0
CV,1004071150784109051,205.0
Blazar,1004060010564103401,346.0
AGN,1004051040704109194,353.0
SN,1004050040634107943,220.0
CV,1004041151104175718,167.0
CV,1003251350714125894,322.0
SN,1003211320514111504,374.0
SN,1003211150624122202,288.0
CV,1003211090274101591,410.0
AGN,1003201460504104696,126.0
SN,1003201070674134658,118.0
SN,1003191430534129611,172.0
CV,1003171460404142882,197.0
SN,1003171260614126522,340.0
Blazar,1003170180714135740,163.0
HPM,1003161230594124017,367.0
Blazar,1003141260454126769,171.0
CV,1003131090504109287,393.0
SN,1003051290594119977,151.0
Other,1003041210264112851,203.0
CV,1002191010224113664,371.0
CV,1002181010254112737,333.0
SN,1002171400444123118,333.0
AGN,1002171350574139609,254.0
AGN,1002171350564137559,107.0
AGN,1002171260624141001,122.0
AGN,1002171210754109063,244.0
CV,1002171210554127510,436.0
Other,1002161320174102834,348.0
Blazar,1002151210634128202,387.0
Blazar,1002130070714113393,279.0
CV,1002021180433134193,325.0
Blazar,1001151320344156239,274.0
SN,1001151260604105083,128.0
HPM,1001151040734114938,113.0
Other,1001141010324182496,210.0
CV,1001141010324104119,196.0
Other,1001131320174130050,345.0
SN,1001121180684103058,350.0
AGN,1001081090204115993,112.0
Blazar,1001081090174129448,211.0
SN,1001081010654134912,341.0
CV,1001081010444113640,154.0
CV,1001081010294129406,328.0
Flare,1001081010294126339,330.0
HPM,1001061320334228647,115.0
Blazar,912201400354121224,387.0
SN,912201400044136465,152.0
CV,912201320034112505,301.0
CV,912181320184134780,213.0
SN,912161350334131339,397.0
CV,912150090234136333,261.0
Blazar,912150090124107296,120.0
CV,912131180104106336,174.0
Blazar,912111210184153058,345.0
Blazar,911261180414138295,343.0
AGN,911251150574137119,446.0
Flare,911240070224131563,312.0
CV,911231010114107310,288.0
CV,911211010194134434,153.0
CV,911201400014137919,129.0
SN,911191210024141794,292.0
CV,911190011164102559,357.0
Blazar,911181290484113217,445.0
CV,911180150304104379,128.0
CV,911180120304152609,123.0
Other,911170211074120836,158.0
Blazar,911170180124117023,164.0
CV,911160011254116087,354.0
CV,911151150414104403,286.0
CV,911111350334136722,102.0
CV,911111210394140913,223.0
CV,911111121124124015,176.0
Blazar,911101120084103272,183.0
CV,911091090214133107,283.0
CV,911091010284127183,164.0
Other,911091010064138611,188.0
Blazar,911081490394132519,128.0
CV,911061090144134618,230.0
CV,910291490254147891,247.0
CV,910291320364139094,103.0
CV,910290120104118343,223.0
CV,910271380074143391,273.0
CV,910271261094101150,194.0
CV,910270070194120405,277.0
Other,910261230034129795,319.0
CV,910261210054114797,395.0
Other,910241210264181733,202.0
CV,910241210264127621,203.0
Other,910241150234105998,159.0
CV,910221120483113936,311.0
CV,910210090164109136,209.0
CV,910191071174104173,355.0
CV,910161180064133334,297.0
CV,910161071214145478,178.0
Flare,910150040214139850,210.0
Blazar,910150040204143496,258.0
SN,910150040134134343,214.0
CV,910100151064131770,195.0
CV,910090040064127915,240.0
CV,909301120444140061,409.0
CV,909291400974147913,178.0
CV,909291180894139837,176.0
CV,909291120924150690,151.0
Flare,909281320154111937,360.0
HPM,909281260224128967,276.0
CV,909281260174155619,358.0
CV,909281230154128739,130.0
CV,909281091224142365,335.0
Flare,909270041264116913,285.0
CV,909250090174119865,175.0
CV,909231150844135447,340.0
CV,909221290444111464,491.0
SN,909221180914166153,105.0
CV,909221150914166376,185.0
Blazar,909221040224123096,278.0
CV,909200120234112238,188.0
Other,909191290184139269,369.0
Blazar,909181320144128368,166.0
CV,909181260024124094,309.0
CV,909171181144114493,333.0
CV,909170150134129127,184.0
AGN,909170070214101363,163.0
SN,909160120034110694,101.0
CV,909151400984177415,189.0
Other,909140150874190570,119.0
CV,909111151154137804,326.0
CV,908290181084101567,140.0
Blazar,908290071094126135,148.0
AGN,908281120174126442,185.0
CV,908281120104139170,218.0
Flare,908281090134126513,136.0
AGN,908260070194123158,187.0
CV,908181230884140146,120.0
Flare,908171091124107469,203.0
CV,908160010884107602,297.0
Blazar,907311380634104253,109.0
Blazar,907311151204109825,150.0
SN,907301180164117377,381.0
Flare,907301150164137251,275.0
CV,907280041184142863,294.0
CV,907271090864112546,158.0
CV,907051260684133796,106.0
CV,906271291124104954,308.0
CV,906221181174111096,177.0
CV,906221181134169457,337.0
Flare,906221151194126593,328.0
HPM,906141320804168891,141.0
CV,906021430464112346,218.0
Other,906011070884121382,343.0
CV,906011070824151155,364.0
CV,905311291064116657,190.0
CV,905280091124153385,349.0
CV,905251210444119239,218.0
Blazar,905171230654131642,263.0
CV,905161350764160199,235.0
AGN,905131210474115654,171.0
Blazar,905041430674135550,300.0
HPM,905021380714155263,158.0
SN,905011350514106588,206.0
CV,904300040604104004,169.0
CV,904291090564105879,333.0
Blazar,904270071114129007,121.0
Blazar,904261550254119759,243.0
CV,904261490254112539,159.0
Blazar,904211350794109737,338.0
Blazar,904211350594134822,233.0
CV,904191040834124598,268.0
CV,904181120584134509,385.0
SN,904171180514134904,229.0
CV,904161120864151070,395.0
CV,904161070894101563,161.0
CV,904031350214144684,189.0
CV,904021180524130924,448.0
CV,904011350464101119,375.0
CV,904011290354105973,220.0
CV,903310070564102615,290.0
Other,903291320184120513,185.0
CV,903291210784144089,343.0
SN,903221180694110100,162.0
CV,903210070854113178,271.0
AGN,903191290634132782,124.0
SN,903171350634142473,215.0
CV,903161150564121087,434.0
CV,903021490314120932,290.0
CV,903010040574110292,325.0
HPM,902271070524148293,229.0
AGN,902261350554118325,157.0
CV,902241460324109873,183.0
CV,902221430424130546,309.0
CV,902200180274145987,106.0
CV,902191010254145868,361.0
CV,902190010294102478,278.0
CV,902190010214113713,311.0
Blazar,902140010554111683,345.0
CV,902131210184107976,361.0
CV,902051150894115932,311.0
Blazar,902021380144141949,153.0
AGN,902021010594119961,157.0
CV,902010120484163113,143.0
SN,901301150724101062,286.0
CV,901281260364122178,163.0
Flare,901280070704113394,297.0
CV,901181040484106855,366.0
CV,901021210684119508,239.0
CV,812311430294141229,385.0
SN,812311010114128410,168.0
Blazar,812221320064119991,327.0
CV,812221070184114632,268.0
CV,812211120274147621,106.0
CV,812201090074110332,331.0
CV,812031010254110041,107.0
Flare,812020070254115621,283.0
CV,812011090264120935,428.0
CV,811231070034125394,294.0
CV,811181230214118218,384.0
CV,811171460444111078,190.0
Blazar,811071351034109903,315.0
CV,811071180194133574,202.0
CV,811071180194106816,335.0
SN,811061090494119448,282.0
Blazar,811041150144132384,335.0
CV,811021210044141173,131.0
CV,810311380084125884,271.0
CV,810311350114142207,221.0
Other,810301350174147763,279.0
CV,810301010244104094,367.0
Blazar,810300040154130307,302.0
CV,810280041154254954,351.0
Other,810241210104130119,120.0
CV,810241070224132530,330.0
Other,810091040254104995,118.0
SN,810010070114130714,141.0
CV,809301291114104865,144.0
Other,809301290084140240,105.0
CV,809291090244127420,382.0
CV,809241350064130912,142.0
SN,809231150074107756,287.0
CV,809221210074124820,101.0
Flare,809091260054126896,184.0
Blazar,809060151174131891,197.0
Flare,809060090024127492,214.0
CV,807021120694107355,229.0
CV,806251490404114182,214.0
CV,806241380064116866,292.0
CV,806230090754110801,172.0
CV,806111011244115704,360.0
CV,806061120874122350,223.0
Blazar,805071260684103913,210.0
CV,805061210454106076,109.0
Blazar,805061180634116217,393.0
CV,805051090884151996,351.0
CV,804281380714144091,329.0
CV,804281090894104463,332.0
CV,804271320724132848,309.0
CV,804271290604119048,312.0
Other,804260040884140372,166.0
CV,804161350364129084,319.0
SN,804091210874153781,154.0
CV,804090010444152026,169.0
Blazar,804081180504105222,121.0
SN,804061090894125668,159.0
Other,804040180704103415,173.0
CV,804031320744141349,256.0
CV,804011350404111947,279.0
SN,804011150764118274,213.0
CV,803290010784136859,342.0
CV,803240090664110600,211.0
AGN,803141150744110285,168.0
CV,803091430354107829,215.0
AGN,803071070684137505,239.0
Blazar,803061090764110489,255.0
CV,803060010464155774,155.0
CV,803051320384107064,519.0
CV,802281040444132343,179.0
CV,802271010724123230,343.0
CV,802270090614112866,234.0
Other,802121320214113551,260.0
CV,802111350134121217,225.0
CV,802091040494149927,391.0
CV,802081070564124647,292.0
CV,802070010294165621,135.0
CV,801311120884124969,164.0
CV,801301180474127786,523.0
CV,801301180124103586,281.0
CV,801301090584117826,381.0
Flare,801180120604112518,200.0
SN,801111180564103026,117.0
CV,801010071244101248,287.0
AGN,712160040604111583,285.0
CV,712151210224139942,107.0
Other,711191290084136060,185.0
CV,711151400724125465,364.0
CV,711081290154130838,359.0
Non-Transient,1115015055531,1212.0
Non-Transient,1129001027705,1206.0
Non-Transient,1129001026333,1200.0
Non-Transient,1004016036673,1180.0
Non-Transient,1004016036365,1156.0
Non-Transient,1004016036435,1040.0
Non-Transient,2116039016369,976.0
Non-Transient,2116039016628,972.0
Non-Transient,2116039016724,956.0
Non-Transient,1132002055097,936.0
Non-Transient,1132002054952,936.0
Non-Transient,1132002054579,933.0
Non-Transient,1115015055601,924.0
Non-Transient,1004016036493,920.0
Non-Transient,2116039016122,916.0
Non-Transient,1118017043456,778.0
Non-Transient,1118017043789,778.0
Non-Transient,1109022032356,774.0
Non-Transient,1109022032545,774.0
Non-Transient,1109022032436,774.0
Non-Transient,1109022032199,774.0
Non-Transient,1109022032357,774.0
Non-Transient,1109022032544,774.0
Non-Transient,1109022032274,772.0
Non-Transient,1109022032595,764.0
Non-Transient,1118017043407,760.0
Non-Transient,1118020036130,758.0
Non-Transient,1129001026616,756.0
Non-Transient,1118020035584,748.0
Non-Transient,1118020035642,748.0
Non-Transient,1118017043323,744.0
Non-Transient,1118021041105,742.0
Non-Transient,1118021041205,742.0
Non-Transient,1118021041241,742.0
Non-Transient,1118021040558,742.0
Non-Transient,1118021040848,742.0
Non-Transient,1118021041134,742.0
Non-Transient,1118021041101,742.0
Non-Transient,1109022032359,736.0
Non-Transient,1132002054159,723.0
Non-Transient,1121003008218,712.0
Non-Transient,2116039016530,712.0
Non-Transient,1121003008165,710.0
Non-Transient,1132017059245,702.0
Non-Transient,1101016038142,672.0
Non-Transient,1101016037519,670.0
Non-Transient,1101016038160,664.0
Non-Transient,1121003008422,654.0
Non-Transient,1104005049570,3780.0
Non-Transient,1104005049049,3468.0
Non-Transient,1104005049096,1572.0
Non-Transient,1129006008241,1224.0
Non-Transient,1129006008460,1220.0
Non-Transient,1129006007897,1088.0
Non-Transient,1123007041453,1044.0
Non-Transient,1123007041644,1044.0
Non-Transient,1123007041319,996.0
Non-Transient,1123007041484,984.0
Non-Transient,1104005049868,954.0
Non-Transient,1104005049140,936.0
Non-Transient,1004032056710,905.0
Non-Transient,1004032056204,905.0
Non-Transient,1004032056375,905.0
Non-Transient,1004032056966,905.0
Non-Transient,1004032056040,895.0
Non-Transient,1004032055885,895.0
Non-Transient,1004032055835,860.0
Non-Transient,1004032055986,815.0
Non-Transient,1121005022246,790.0
Non-Transient,1121005022532,790.0
Non-Transient,1121005022194,778.0
Non-Transient,1123007041527,771.0
Non-Transient,1004032056641,750.0
Non-Transient,1123007041603,741.0
Non-Transient,1135005010408,684.0
Non-Transient,1109009021790,660.0
Non-Transient,1109009022101,660.0
Non-Transient,1109009022075,650.0
Non-Transient,1135005009790,642.0
Non-Transient,1138030018121,636.0
Non-Transient,1138030017363,636.0
Non-Transient,1138030017848,636.0
Non-Transient,1138030017154,636.0
Non-Transient,1138030017505,636.0
Non-Transient,1138030017873,633.0
Non-Transient,1138030016835,627.0
Non-Transient,1138030016559,600.0
Non-Transient,1112009002339,588.0
Non-Transient,1112009002318,586.0
Non-Transient,1118011036678,586.0
Non-Transient,1107052058366,1524.0
Non-Transient,1107052057952,1496.0
Non-Transient,1107052057964,1332.0
Non-Transient,1126042034362,1056.0
Non-Transient,1126042035077,1056.0
Non-Transient,1126042034933,1056.0
Non-Transient,1126042034637,1050.0
Non-Transient,1152032057376,960.0
Non-Transient,1152032056792,960.0
Non-Transient,1152032056886,960.0
Non-Transient,1152032056280,944.0
Non-Transient,1152032053685,932.0
Non-Transient,1126046011902,906.0
Non-Transient,1126046012670,906.0
Non-Transient,1107052031172,790.0
Non-Transient,1107052031424,790.0
Non-Transient,1126046011813,772.0
Non-Transient,1104050014820,750.0
Non-Transient,1104050014689,742.0
Non-Transient,1152032056237,652.0
Non-Transient,1129039039243,538.0
Non-Transient,1121042016615,536.0
Non-Transient,1121042016915,536.0
Non-Transient,1129039038663,534.0
Non-Transient,1126042011281,532.0
Non-Transient,1126042010610,531.0
Non-Transient,1118043019866,528.0
Non-Transient,1129038060165,528.0
Non-Transient,1126042010455,528.0
Non-Transient,1126042034450,528.0
Non-Transient,1129038059402,527.0
Non-Transient,1118043060736,527.0
Non-Transient,1118047043882,527.0
Non-Transient,1132038018443,526.0
Non-Transient,1123041048759,526.0
Non-Transient,1132038018237,526.0
Non-Transient,1123041049287,526.0
Non-Transient,1129038059048,526.0
Non-Transient,1126042010703,525.0
Non-Transient,1132038013439,525.0
Non-Transient,1123041048782,524.0
Non-Transient,1132038017821,523.0
Non-Transient,1126058028116,2968.0
Non-Transient,1126058028108,2968.0
Non-Transient,1126058027876,2240.0
Non-Transient,1107061010051,1725.0
Non-Transient,1104059005237,1710.0
Non-Transient,1107061010379,1660.0
Non-Transient,1112063013142,1580.0
Non-Transient,1112063031395,1572.0
Non-Transient,1112063013006,1568.0
Non-Transient,1123059008280,1512.0
Non-Transient,1123059008362,1512.0
Non-Transient,1123059048347,1512.0
Non-Transient,1123059008004,1508.0
Non-Transient,1123059007814,1500.0
Non-Transient,1126058008086,1484.0
Non-Transient,1126058008164,1480.0
Non-Transient,1112063012806,1476.0
Non-Transient,1123059008057,1472.0
Non-Transient,1126058007765,1468.0
Non-Transient,1104064023711,1420.0
Non-Transient,1107061010105,1388.0
Non-Transient,1132055053046,1360.0
Non-Transient,1132055053008,1360.0
Non-Transient,1132055053474,1360.0
Non-Transient,1112063030978,1360.0
Non-Transient,1132055053357,1360.0
Non-Transient,1132055053158,1356.0
Non-Transient,1135053050605,1352.0
Non-Transient,1135053050575,1348.0
Non-Transient,1135053050327,1344.0
Non-Transient,1126058042330,1336.0
Non-Transient,1104064024273,1328.0
Non-Transient,1126058042340,1316.0
Non-Transient,1132055052671,1304.0
Non-Transient,1135053050604,1296.0
Non-Transient,1132055052684,1296.0
Non-Transient,1140046034049,1280.0
Non-Transient,1132055053178,1268.0
Non-Transient,1135053050494,1264.0
Non-Transient,1104064024174,1240.0
Non-Transient,1004064031552,1200.0
Non-Transient,1004064031718,1200.0
Non-Transient,1104073019698,5888.0
Non-Transient,1104073019960,5888.0
Non-Transient,1104073020080,5184.0
Non-Transient,1104073019512,5184.0
Non-Transient,1104077045040,1436.0
Non-Transient,1104077045102,1436.0
Non-Transient,1129065042224,1276.0
Non-Transient,1104073019647,1248.0
Non-Transient,1109066037770,1242.0
Non-Transient,1129065041932,1240.0
Non-Transient,1109066037594,1227.0
Non-Transient,1129065041926,1216.0
Non-Transient,1123068021143,1144.0
Non-Transient,1118067050152,1035.0
Non-Transient,1118067050141,1035.0
Non-Transient,1118067050218,1035.0
Non-Transient,1118067050025,1035.0
Non-Transient,1118067050305,1032.0
Non-Transient,1123068021801,1008.0
Non-Transient,1123068020700,996.0
Non-Transient,1123068020793,996.0
Non-Transient,1004067019813,954.0
Non-Transient,1004067019628,954.0
Non-Transient,1129060001956,903.0
Non-Transient,1135061023064,879.0
Non-Transient,1135061023078,855.0
Non-Transient,1135061023360,852.0
Non-Transient,1104073019567,780.0
Non-Transient,1104067020417,744.0
Non-Transient,1104067020625,728.0
Non-Transient,1121064017229,726.0
Non-Transient,1121064035684,726.0
Non-Transient,1121064017549,724.0
Non-Transient,1107073002997,720.0
Non-Transient,1104077060608,718.0
Non-Transient,1104077060852,718.0
Non-Transient,1115067030744,716.0
Non-Transient,1104077061006,714.0
Non-Transient,1107073002444,706.0
Non-Transient,1107073002659,706.0
Non-Transient,1121064017531,704.0
Non-Transient,1104077061171,700.0
Non-Transient,3021104043410,1816.0
Non-Transient,3021104043414,1816.0
Non-Transient,3021104043614,1808.0
Non-Transient,3021104043904,1808.0
Non-Transient,3021104043469,1800.0
Non-Transient,3021104043897,1768.0
Non-Transient,1021075066259,1410.0
Non-Transient,1021075067236,1410.0
Non-Transient,1021075066264,1410.0
Non-Transient,1021075066498,1410.0
Non-Transient,1021075066759,1410.0
Non-Transient,1021075066425,1410.0
Non-Transient,1021075066281,1360.0
Non-Transient,1021075066038,1030.0
Non-Transient,3021104044004,944.0
Non-Transient,1001087073909,939.0
Non-Transient,1001087074722,939.0
Non-Transient,1001087074061,939.0
Non-Transient,1001087074473,939.0
Non-Transient,1001087074395,939.0
Non-Transient,1001087074632,939.0
Non-Transient,1001087074328,939.0
Non-Transient,1001087073743,924.0
Non-Transient,1001087073912,921.0
Non-Transient,1001087074379,912.0
Non-Transient,1015078038881,908.0
Non-Transient,1015078039107,908.0
Non-Transient,1015078038438,888.0
Non-Transient,1015078038097,884.0
Non-Transient,1015078038350,868.0
Non-Transient,1138071075246,846.0
Non-Transient,1112080053003,786.0
Non-Transient,1112080052726,782.0
Non-Transient,3021104043767,768.0
Non-Transient,1009079065377,765.0
Non-Transient,1009079064647,765.0
Non-Transient,1009079064773,759.0
Non-Transient,1138062006432,729.0
Non-Transient,1112084014322,716.0
Non-Transient,1112084014765,716.0
Non-Transient,1112084014179,716.0
Non-Transient,1112076024302,714.0
Non-Transient,1001121038108,770.0
Non-Transient,1118115052834,756.0
Non-Transient,1118115052460,754.0
Non-Transient,1118115052529,752.0
Non-Transient,1107119004472,736.0
Non-Transient,1018110019070,720.0
Non-Transient,1018110020087,720.0
Non-Transient,1109089075070,720.0
Non-Transient,1109089074740,718.0
Non-Transient,1018110019277,717.0
Non-Transient,1018110019756,717.0
Non-Transient,1107119004301,716.0
Non-Transient,1109089074181,714.0
Non-Transient,1107119004549,706.0
Non-Transient,1109089074516,702.0
Non-Transient,1001089051087,684.0
Non-Transient,1001089051108,674.0
Non-Transient,1109089074367,672.0
Non-Transient,1109089073937,654.0
Non-Transient,1109089074502,652.0
Non-Transient,1109089074405,650.0
Non-Transient,1138077077350,644.0
Non-Transient,1138077077154,644.0
Non-Transient,1138077078011,644.0
Non-Transient,1138077077843,644.0
Non-Transient,1109089074450,642.0
Non-Transient,1138077076820,640.0
Non-Transient,1138077077404,636.0
Non-Transient,1138077076802,636.0
Non-Transient,1138077077043,634.0
Non-Transient,1109089073936,632.0
Non-Transient,1001118022844,626.0
Non-Transient,1118115052905,624.0
Non-Transient,1001118022785,618.0
Non-Transient,1001089050735,604.0
Non-Transient,1138077077063,598.0
Non-Transient,1012110002778,594.0
Non-Transient,1109089074750,594.0
Non-Transient,1138077076650,582.0
Non-Transient,1018110018911,558.0
Non-Transient,1012110003072,546.0
Non-Transient,1001089052065,546.0
